,group1,time1,outcome1
0,0,0,0.882026172983832
1,0,1,1.6000786041836115
2,0,0,0.4893689920528696
3,0,1,2.520446599600729
4,0,0,0.9337789950749837
5,0,1,0.9113610600617944
6,0,0,0.4750442087627947
7,0,1,1.324321395851151
8,0,0,-0.05160942589677892
9,0,1,1.6052992509691861
10,0,0,0.072021785580439
11,0,1,2.1271367534814876
12,0,0,0.3805188625734967
13,0,1,1.460837508246414
14,0,0,0.22193161637271283
15,0,1,1.5668371636871332
16,0,0,0.7470395365788031
17,0,1,1.2974208681170996
18,0,0,0.15653385082545068
19,0,1,0.9729521303491375
20,0,0,-1.2764949079170393
21,0,1,1.7268092977201803
22,0,0,0.43221809942975287
23,0,1,1.028917489796779
24,0,0,1.1348773119938038
25,0,1,0.6728171627006175
26,0,0,0.022879258650723034
27,0,1,1.306408074987083
28,0,0,0.7663896071792288
29,0,1,2.134679384950142
30,0,0,0.07747371284845815
31,0,1,1.5890812598010866
32,0,0,-0.4438928738150564
33,0,1,0.40960176588803643
34,0,0,-0.1739560746630763
35,0,1,1.47817448455199
36,0,0,0.6151453403638604
37,0,1,2.0011899243922056
38,0,0,-0.19366340870397614
39,0,1,1.248848624712332
40,0,0,-0.5242764825335463
41,0,1,0.6899910314105123
42,0,0,-0.8531350953125063
43,0,1,2.3753876976158947
44,0,0,-0.25482609087582675
45,0,1,1.1809628491944066
46,0,0,-0.6263976800249631
47,0,1,1.7887451779159549
48,0,0,-0.8069489237789758
49,0,1,1.2936298598930156
50,0,0,-0.4477332805968378
51,0,1,1.5934512489296309
52,0,0,-0.2554025687844365
53,0,1,0.8096839079387939
54,0,0,-0.014091114169327434
55,0,1,1.6141659352652087
56,0,0,0.033258611191583944
57,0,1,1.5512359488698906
58,0,0,-0.3171610468404818
59,0,1,1.218629417006431
60,0,0,-0.3362302238879755
61,0,1,1.2202234192297292
62,0,0,-0.406573141022227
63,0,1,0.5368586988341615
64,0,0,0.08871307112687642
65,0,1,1.1991095318958689
66,0,0,-0.8150991734830223
67,0,1,1.631391127762887
68,0,0,-0.4536491821916211
69,0,1,1.4259726978980694
70,0,0,0.36454528108876844
71,0,1,1.4644914553787052
72,0,0,0.5697003422716503
73,0,1,0.7825870898231736
74,0,0,0.2011708205887745
75,0,1,1.0575949545298433
76,0,0,-0.4353985745909409
77,0,1,1.1105751676177922
78,0,0,-0.15577626606368633
79,0,1,1.4280826711148726
80,0,0,-0.5825749203916782
81,0,1,1.8504132434770935
82,0,0,0.23283121986522992
83,0,1,0.631878156861388
84,0,0,0.7441260968977998
85,0,1,2.3479445880152916
86,0,0,0.5893897855798254
87,0,1,1.3100375820938244
88,0,0,-0.5353763107552713
89,0,1,1.9272258634655683
90,0,0,-0.20158847348658981
91,0,1,2.0112225351912136
92,0,0,0.10413748903843015
93,0,1,1.8883195182418562
94,0,0,0.17818319858720094
95,0,1,1.753286584095974
96,0,0,0.005250010360410239
97,0,1,2.2929352469529176
98,0,0,0.06345604635180996
99,0,1,1.6009946817223508
100,0,0,0.9415753485281272
101,0,1,0.7261204694287767
102,0,0,-0.6352424992428668
103,0,1,1.8846983540790054
104,0,0,-0.58656170255708
105,0,1,2.3718105928246462
106,0,0,-0.20680949037987367
107,0,1,1.0262725942796211
108,0,0,0.9614710132401924
109,0,1,2.140257395717212
110,0,0,0.9337794802132849
111,0,1,1.8530223291376926
112,0,0,-0.43061284252735127
113,0,1,2.3550324765495168
114,0,0,-0.1340016854756902
115,0,1,1.8012281978981974
116,0,0,0.473625983886874
117,0,1,1.322494953454583
118,0,0,0.30703968517304014
119,0,1,1.8611033357832634
120,0,0,0.18821276557781472
121,0,1,0.8502996047079027
122,0,0,0.149119087103028
123,0,1,2.063192948343515
124,0,0,-0.34728392986568274
125,0,1,1.3251827298361645
126,0,0,-0.21757677586081872
127,0,1,2.324631864239671
128,0,0,0.33614737850621773
129,0,1,1.6037309181205552
130,0,0,-0.3849580372226582
131,0,1,1.6696245956459086
132,0,0,-0.33716633032868804
133,0,1,1.4159152791371754
134,0,0,-0.3179230391894405
135,0,1,1.7382166474732497
136,0,0,0.28829540830747047
137,0,1,1.2958506222110024
138,0,0,0.19800335633082264
139,0,1,0.853469245634747
140,0,0,-0.7456287963528028
141,0,1,1.6196958506322683
142,0,0,0.08333674768626452
143,0,1,1.717515718446053
144,0,0,1.191572387431971
145,0,1,1.8722397434952067
146,0,0,-0.4564111127220793
147,0,1,1.9585081440479264
148,0,0,-0.6579537052557606
149,0,1,1.1692076975926455
150,0,0,-0.03412080266231562
151,0,1,2.2566713608246833
152,0,0,-0.37237741102421995
153,0,1,0.9867807306704928
154,0,0,-0.04922626221271615
155,0,1,1.0682608568189462
156,0,0,0.5633179610532535
157,0,1,0.8600342458182882
158,0,0,-0.5737343262055512
159,0,1,1.1810899776277828
160,0,0,-0.24901622534615245
161,0,1,2.3647660269084927
162,0,0,0.4747104034628804
163,0,1,1.4437756206925954
164,0,0,-0.612717759415084
165,0,1,1.8221814882007734
166,0,0,-0.5001076736947824
167,0,1,0.6276144516111941
168,0,0,0.5940148961761509
169,0,1,1.5584713059624247
170,0,0,0.4604294118904095
171,0,1,1.5593638264715106
172,0,0,0.4284153059513456
173,0,1,1.0744872033499264
174,0,0,-0.5171214208922323
175,0,1,1.7407972591408134
176,0,0,-0.40170483208692054
177,0,1,1.0552251111248996
178,0,0,-0.22776625175867157
179,0,1,1.4087395795125284
180,0,0,-0.17699695562674198
181,0,1,0.7125243532909905
182,0,0,-0.32180920141644526
183,0,1,0.2882984238877866
184,0,0,0.31261572551359373
185,0,1,0.5989711721966261
186,0,0,-0.5521916697142253
187,0,1,1.426082539630487
188,0,0,-0.36978149819565664
189,0,1,2.171507297703368
190,0,0,-0.6464284548617243
191,0,1,1.5335254346745915
192,0,0,-0.0196414091137478
193,0,1,0.8159532511294012
194,0,0,0.26163833026587685
195,0,1,1.3142268343888759
196,0,0,0.3858952756068337
197,0,1,1.8117520769818656
198,0,0,1.081617974640345
199,0,1,2.068263974718196
200,0,0,-0.1845909189712218
201,0,1,1.2803104112120367
202,0,0,0.5498297979435566
203,0,1,1.7276318653612988
204,0,0,0.320065763048796
205,0,1,0.5915219778445827
206,0,0,-0.012163062199467818
207,0,1,1.0309845453971556
208,0,0,0.13996229952161912
209,0,1,1.350924805178521
210,0,0,0.45508945404629597
211,0,1,1.558609107595651
212,0,0,0.3931639810544881
213,0,1,1.1667904516320284
214,0,0,-0.4722231279591252
215,0,1,1.1949751533987256
216,0,0,-0.008510206930720297
217,0,1,1.589575867777541
218,0,0,1.129654475345426
219,0,1,1.3788714241696787
220,0,0,-0.4779725002463885
221,0,1,1.2270091121503066
222,0,0,-0.2317979873230471
223,0,1,1.640740736886731
224,0,0,-0.7703985072223124
225,0,1,1.4316309971001657
226,0,0,0.0782532689826878
227,0,1,1.5160905181001378
228,0,0,-0.29865803448268136
229,0,1,1.2810391351319965
230,0,0,-0.7120304544912658
231,0,1,1.1533400583189028
232,0,0,-0.2714307380083589
233,0,1,1.6080250231307127
234,0,0,-0.5780912159109564
235,0,1,1.7905990508549965
236,0,0,0.7472422722456844
237,0,1,0.36500748749323364
238,0,0,0.21312936538905047
239,0,1,1.7384540175151226
240,0,0,-0.3187185127761145
241,0,1,1.201364092835601
242,0,0,-0.06644028879347781
243,0,1,1.2511045602991357
244,0,0,-0.1545064845235611
245,0,1,0.5619980968350116
246,0,0,0.57616578239156
247,0,1,1.9398092960184106
248,0,0,-0.4066821296021014
249,0,1,0.6667878360987429
250,0,0,0.2605324382263793
251,0,1,1.1121060150934667
252,0,0,0.07097658166038984
253,0,1,1.2403357914274524
254,0,0,0.3457693755350933
255,0,1,1.747374571828003
256,0,0,-0.36279868923179215
257,0,1,0.7083180223024722
258,0,0,-0.791469198667541
259,0,1,1.7051896895536025
260,0,0,-0.5944296288920144
261,0,1,1.1465918228506562
262,0,0,-0.29815701922525406
263,0,1,1.3737163518652267
264,0,0,-0.9681399029232535
265,0,1,1.4943892983969143
266,0,0,0.2619455119171028
267,0,1,1.4442110435223305
268,0,0,-0.15544308584923586
269,0,1,1.4487000831343917
270,0,0,0.1995231728200651
271,0,1,0.013703621786674836
272,0,0,0.9779561541253471
273,0,1,1.5950466613439631
274,0,0,-0.32620429119351
275,0,1,1.2045233124061994
276,0,0,0.24687088867459422
277,0,1,1.3419480304828166
278,0,0,-1.0153422338907472
279,0,1,2.4322464306796596
280,0,0,-0.055270328616236306
281,0,1,1.9100863558578998
282,0,0,-0.3460249238921956
283,0,1,2.168188527122899
284,0,0,0.14317184444613978
285,0,1,1.7044219172377253
286,0,0,-0.5226266830734774
287,0,1,2.0055726448413504
288,0,0,0.3449090822673942
289,0,1,2.050923114782499
290,0,0,-0.31404377982078946
291,0,1,1.159486440769606
292,0,0,1.151958348841971
293,0,1,0.8699920886392263
294,0,0,-0.06797485033916041
295,0,1,1.9684456813013476
296,0,0,0.0488624838574278
297,0,1,1.6914768398766467
298,0,0,-0.1997245146314376
299,0,1,1.5850279439237593
300,0,0,-0.6532634258676583
301,0,1,2.229065339809094
302,0,0,-0.05908202256428488
303,0,1,1.0599108980015748
304,0,0,0.33319154101595716
305,0,1,1.1696401063057233
306,0,0,-0.6671292357013767
307,0,1,0.7266412471012222
308,0,0,0.34688657634506626
309,0,1,1.3202132809268665
310,0,0,-0.06685077983421958
311,0,1,1.9388719029881312
312,0,0,-0.5634129043783718
313,0,1,1.0346611235675875
314,0,0,-0.19243990459063773
315,0,1,1.4471757946585369
316,0,0,-0.021085725645289467
317,0,1,1.256556403805046
318,0,0,-0.0308132010478237
319,0,1,1.3463473618544126
320,0,0,-0.35980219427589644
321,0,1,0.9935035057229613
322,0,0,0.13725817886196975
323,0,1,0.954542458502236
324,0,0,-0.5786776295954268
325,0,1,1.2438538744371532
326,0,0,-0.07883350808190795
327,0,1,2.528361748649105
328,0,0,-0.35235013792811687
329,0,1,1.8716303624847472
330,0,0,0.3735941671023159
331,0,1,0.8055275223981319
332,0,0,0.38662648870129984
333,0,1,0.808059679903341
334,0,0,-1.3295861189983704
335,0,1,1.7031597621796903
336,0,0,-0.8779452917188597
337,0,1,1.6254672309029574
338,0,0,-0.3420054488686083
339,0,1,2.2297753980949357
340,0,0,0.5342546996580045
341,0,1,1.173307098074306
342,0,0,-0.3439188055143412
343,0,1,0.7929612984529396
344,0,0,-0.2204613161462957
345,0,1,1.2598222524077454
346,0,0,-0.1823467721958427
347,0,1,1.4783519276361818
348,0,0,0.2892607488644392
349,0,1,1.574827228496587
350,0,0,-0.3820719619532215
351,0,1,0.6811042630992107
352,0,0,0.6822659240512357
353,0,1,1.055275407725031
354,0,0,-0.32614679996750956
355,0,1,1.1394053438494445
356,0,0,-0.9215347750783243
357,0,1,1.1610129979797565
358,0,0,-0.23982790700397383
359,0,1,1.7101791491717562
360,0,0,0.349228574553668
361,0,1,1.4018854445431346
362,0,0,0.46592418705715183
363,0,1,1.5699824919006309
364,0,0,-0.007841055801277384
365,0,1,1.4804640841491115
366,0,0,-0.09532674679069968
367,0,1,1.2025752429832748
368,0,0,-0.13386676844698323
369,0,1,0.8359943342649965
370,0,0,0.140220852658148
371,0,1,0.9034381945352096
372,0,0,0.4208156320368182
373,0,1,1.2752707099195255
374,0,0,0.02474749082504537
375,0,1,1.646918388140478
376,0,0,0.32165723253146394
377,0,1,0.6146882956832735
378,0,0,-0.10345183808198587
379,0,1,1.840089456040391
380,0,0,-0.8490529097161272
381,0,1,1.5936402376975316
382,0,0,-1.1277821147010947
383,0,1,0.8887465781821982
384,0,0,0.01931527592009405
385,0,1,0.571642448839023
386,0,0,-0.4927553688420753
387,0,1,0.6640824962682065
388,0,0,0.8240674661037798
389,0,1,1.4821138777436669
390,0,0,0.2836451389263347
391,0,1,1.2886624497424226
392,0,0,-0.17671587437859954
393,0,1,0.5917629056744836
394,0,0,-0.1459186813739314
395,0,1,1.0192538940941882
396,0,0,0.42896196214616816
397,0,1,1.9705509333287865
398,0,0,0.7332893577870888
399,0,1,1.826275969730616
400,0,0,-0.29932696846149304
401,0,1,0.8420515070198027
402,0,0,0.38333159082254303
403,0,1,1.5781464087361443
404,0,0,-0.8842692253385154
405,0,1,1.5777408963718844
406,0,0,0.4072599112439331
407,0,1,1.429462794590815
408,0,0,-0.09252683550467077
409,0,1,0.9961757561918221
410,0,0,-0.7232673497816939
411,0,1,1.8001489746700137
412,0,0,-0.1545572223858544
413,0,1,1.2832666692281536
414,0,0,0.8663605934595666
415,0,1,1.7422505534295951
416,0,0,0.18541250064055104
417,0,1,1.4710309025936177
418,0,0,0.7599974303828864
419,0,1,2.2597946537080973
420,0,0,0.46475255573976404
421,0,1,1.6911122956989622
422,0,0,-1.0473015356030724
423,0,1,1.4618609571167531
424,0,0,-0.065053477096852
425,0,1,1.4469766146927843
426,0,0,0.4715230436612589
427,0,1,0.03016141640522174
428,0,0,-0.28465602673509255
429,0,1,1.5349521774703807
430,0,0,-0.23342277302638126
431,0,1,0.6915469434368702
432,0,0,0.4344817434483977
433,0,1,1.538435952923064
434,0,0,-0.4855522852222423
435,0,1,1.557408602257912
436,0,0,0.4107928560248979
437,0,1,1.4026463231496804
438,0,0,0.4002824017154984
439,0,1,1.4391300875808306
440,0,0,-0.19761449132717718
441,0,1,0.8202897418000434
442,0,0,-0.04296538348580636
443,0,1,1.4971464690228857
444,0,0,0.43791638079366546
445,0,1,1.3424462657563865
446,0,0,0.2287078031104954
447,0,1,0.9176939931331357
448,0,0,-0.39131457791376256
449,0,1,1.344805350486556
450,0,0,-0.5273142319925069
451,0,1,1.8101239186623406
452,0,0,0.23156516465930355
453,0,1,1.5395478821962265
454,0,0,0.16945206260797227
455,0,1,2.410521780742399
456,0,0,-0.23443209398339782
457,0,1,0.299279357249721
458,0,0,0.0996500984482326
459,0,1,1.374698229519167
460,0,0,-0.25875952125520163
461,0,1,0.910585070320615
462,0,0,-0.21959476090107397
463,0,1,1.4906692146089107
464,0,0,-0.2514083503212691
465,0,1,2.606226839771874
466,0,0,-0.480252190816574
467,0,1,1.0034413186461641
468,0,0,-1.1443100200072642
469,0,1,1.5257422075107685
470,0,0,-1.00820331389988
471,0,1,1.1302726833127492
472,0,0,-0.13783526728027848
473,0,1,1.0451360170765558
474,0,0,0.8694363387272555
475,0,1,1.8971971956577494
476,0,0,0.6595684381507878
477,0,1,0.9587905907250407
478,0,0,0.5642970322572842
479,0,1,1.648000473171981
480,0,0,0.38570297433842277
481,0,1,1.9147194143913835
482,0,0,-0.45438162297952656
483,0,1,1.1878411895110492
484,0,0,0.43129800566422555
485,0,1,0.0721904535125335
486,0,0,0.7566640412866026
487,0,1,1.6765660321037918
488,0,0,-0.022851980330117427
489,0,1,1.5102538278785866
490,0,0,-0.5149676416544883
491,0,1,1.2250283177054475
492,0,0,0.5501421691101869
493,0,1,2.0490109861631103
494,0,0,1.3481120262817898
495,0,1,1.3630376668597923
496,0,0,-0.3292764834025019
497,0,1,1.1428830170300055
498,0,0,-0.5090209376436824
499,0,1,1.3610726220295746
500,0,0,0.19136621500613407
501,1,1,4.082878859734023
502,1,0,2.548173422832899
503,1,1,3.9828920993277315
504,1,0,1.8262746737507183
505,1,1,3.809365761569837
506,1,0,1.1836827368827523
507,1,1,3.3161161378457726
508,1,0,1.410421034681156
509,1,1,4.75071403583238
510,1,0,2.447630136444965
511,1,1,4.787482033196494
512,1,0,1.3338941727027491
513,1,1,3.1156876551069894
514,1,0,1.6699718399329586
515,1,1,4.187909476648014
516,1,0,2.2493451374549136
517,1,1,4.623986077984026
518,1,0,2.1421398354036074
519,1,1,4.971334390327815
520,1,0,1.8886971595258397
521,1,1,3.6434603909791017
522,1,0,1.1593908922527834
523,1,1,3.6555143209522747
524,1,0,2.1210589804925615
525,1,1,3.655639871323184
526,1,0,2.4683712317676285
527,1,1,4.806163853018721
528,1,0,0.8152065473866985
529,1,1,4.532026150248823
530,1,0,0.8801979706691316
531,1,1,4.300749527545143
532,1,0,2.61243528209683
533,1,1,4.132428053171788
534,1,0,1.3601554133978802
535,1,1,3.8072843978611135
536,1,0,1.8691772771445496
537,1,1,4.008877608105029
538,1,0,1.8985515796166665
539,1,1,4.045058610345342
540,1,0,2.1067400244550845
541,1,1,3.495713173133389
542,1,0,1.8789900850648902
543,1,1,4.859130585177852
544,1,0,1.807677288428741
545,1,1,3.878081953422401
546,1,0,2.539098651857119
547,1,1,2.8204076668279514
548,1,0,2.5906893006441427
549,1,1,3.784048120997416
550,1,0,2.0819642862262935
551,1,1,4.148160677960598
552,1,0,2.4712340596101967
553,1,1,3.9662026268823256
554,1,0,1.6609871092177748
555,1,1,4.748922895325549
556,1,0,0.8179130914294099
557,1,1,4.110167090852621
558,1,0,1.32603728868544
559,1,1,3.7192133058717203
560,1,0,3.0056283407315685
561,1,1,4.077702286772071
562,1,0,2.0975348485756906
563,1,1,3.209218572147204
564,1,0,1.6354776706026521
565,1,1,4.198278700364392
566,1,0,2.177378846556609
567,1,1,4.408443277196639
568,1,0,2.0043139494587883
569,1,1,4.363502104227329
570,1,0,2.226890956317842
571,1,1,3.185129794497734
572,1,0,2.0185028609550746
573,1,1,4.483951203866352
574,1,0,2.2949399103672596
575,1,1,3.918070595014605
576,1,0,1.597186746230316
577,1,1,3.5408440378391837
578,1,0,1.9344729942292938
579,1,1,4.66653993977986
580,1,0,1.024097949259199
581,1,1,3.7700541351352506
582,1,0,1.430098772286613
583,1,1,4.49247876062025
584,1,0,1.7228451867143495
585,1,1,3.864681170922604
586,1,0,1.8915252150316755
587,1,1,4.322696625447398
588,1,0,1.8038055009251817
589,1,1,2.576928472600036
590,1,0,2.2716559456937597
591,1,1,4.319521478836021
592,1,0,1.8902294858343933
593,1,1,3.5579816896640324
594,1,0,2.175890055340679
595,1,1,4.289617766767793
596,1,0,1.7649835586495626
597,1,1,3.9916342647122303
598,1,0,1.5349217487378395
599,1,1,4.010705453956335
600,1,0,1.2247853274582594
601,1,1,4.308659410515918
602,1,0,1.527815754587853
603,1,1,4.219051573916156
604,1,0,1.2970185418660503
605,1,1,3.8049711770652297
606,1,0,1.9447552974670361
607,1,1,3.269650094065368
608,1,0,2.057573936570046
609,1,1,3.9104262185600382
610,1,0,1.1288219010953848
611,1,1,3.448378622943842
612,1,0,2.302560042041083
613,1,1,4.547777992775662
614,1,0,1.9340456801100165
615,1,1,4.3023809060202485
616,1,0,2.1119217816564553
617,1,1,4.264811491063869
618,1,0,2.6429920035401464
619,1,1,3.346500800892864
620,1,0,2.3382303661808117
621,1,1,3.9089955222110895
622,1,0,1.8878705328741798
623,1,1,3.9488751347724644
624,1,0,1.812426441669358
625,1,1,3.48690190410849
626,1,0,2.091669599628801
627,1,1,4.935471516394428
628,1,0,1.9719334897756216
629,1,1,4.0993074786324515
630,1,0,1.6563504814216683
631,1,1,4.041262726790944
632,1,0,2.2330832130170153
633,1,1,3.9148787796478284
634,1,0,1.7730979794739994
635,1,1,4.301632270081623
636,1,0,1.5409976150904772
637,1,1,4.226248313538436
638,1,0,2.410160898630711
639,1,1,4.779974270839742
640,1,0,1.9548089963615265
641,1,1,4.783798619903356
642,1,0,2.517204943240759
643,1,1,3.6018936798144665
644,1,0,1.3910307442034244
645,1,1,3.9475181810727893
646,1,0,2.514467746297427
647,1,1,4.063856496219997
648,1,0,1.6996712211711058
649,1,1,4.87612159002428
650,1,0,2.143452244001673
651,1,1,2.939702862104629
652,1,0,2.1585803131463446
653,1,1,4.360020307285433
654,1,0,2.112804327235552
655,1,1,4.324856050115996
656,1,0,1.966362195538509
657,1,1,3.4408020651776328
658,1,0,1.8146479983897732
659,1,1,3.627192102221854
660,1,0,1.5336295446028112
661,1,1,3.468465825448862
662,1,0,2.226244546319823
663,1,1,4.148948072706313
664,1,0,1.775917318659646
665,1,1,3.775331036134806
666,1,0,1.988288447489274
667,1,1,4.639597364056244
668,1,0,0.9978921422505425
669,1,1,4.288438260425446
670,1,0,1.7271440129911089
671,1,1,3.157707077510276
672,1,0,1.0271484584180206
673,1,1,3.6436082529323537
674,1,0,2.1097547778965224
675,1,1,4.296531466990046
676,1,0,1.5305092136611074
677,1,1,4.608510495706622
678,1,0,2.711491748258053
679,1,1,4.29804329247828
680,1,0,1.7042986660959447
681,1,1,4.662209592255183
682,1,0,2.3776978478316693
683,1,1,4.533703705677459
684,1,0,1.6717681625142342
685,1,1,2.6827227473626483
686,1,0,3.0583955107418377
687,1,1,3.294560798275033
688,1,0,1.9821159640698895
689,1,1,5.290372675609875
690,1,0,2.1652883781371868
691,1,1,4.574623236779117
692,1,0,1.2488017153091437
693,1,1,3.2111665226331465
694,1,0,1.7336486040102228
695,1,1,4.6453748672172495
696,1,0,1.826875276176345
697,1,1,3.7026818394642502
698,1,0,2.098983644972484
699,1,1,4.640967609238633
700,1,0,1.277529900463314
701,1,1,3.4947285029383237
702,1,0,1.605665372745317
703,1,1,4.647319187356045
704,1,0,2.117410762974366
705,1,1,5.166076705285222
706,1,0,2.468222862915558
707,1,1,4.082452411565164
708,1,0,2.632538919044383
709,1,1,4.205748506365938
710,1,0,1.6475393237462774
711,1,1,4.439987422122551
712,1,0,1.6518366730694587
713,1,1,3.954801449598066
714,1,0,2.6638913479789914
715,1,1,4.0493592568913
716,1,0,1.598429306329186
717,1,1,3.867831154282254
718,1,0,2.5108952927943364
719,1,1,3.823729663291635
720,1,0,1.8065645765746767
721,1,1,3.8448536301831853
722,1,0,2.091962747170155
723,1,1,3.9072551198121954
724,1,0,1.1990819755137316
725,1,1,3.6564095290774796
726,1,0,1.5336054792467808
727,1,1,4.721659692227577
728,1,0,2.4063370210545214
729,1,1,4.393629689699913
730,1,0,1.747320841367795
731,1,1,3.692104229003014
732,1,0,1.7462411991713216
733,1,1,3.5740599487241624
734,1,0,3.248600195793504
735,1,1,2.977339175814299
736,1,0,2.2820042675369043
737,1,1,3.457723851003736
738,1,0,1.9478282542526537
739,1,1,3.6059990287531325
740,1,0,1.4111855187586846
741,1,1,3.5299018495325187
742,1,0,2.8774930768710294
743,1,1,4.033505788845203
744,1,0,1.617148902760957
745,1,1,4.377893482041436
746,1,0,2.0051746572831495
747,1,1,4.460016879670826
748,1,0,1.087871672031085
749,1,1,4.251801952231
750,1,0,2.386347418551191
751,1,1,3.269200854442718
752,1,0,2.2240976422116563
753,1,1,4.94809078641408
754,1,0,1.9925711483226487
755,1,1,4.510702968512406
756,1,0,2.335285225155455
757,1,1,3.7462471512447113
758,1,0,2.0198833672932475
759,1,1,3.3165026445691983
760,1,0,1.774348481448737
761,1,1,4.232843987483117
762,1,0,2.361550246868899
763,1,1,4.112306062623955
764,1,0,2.3599918650715828
765,1,1,3.548546893522315
766,1,0,1.9491513627225643
767,1,1,4.109639692256538
768,1,0,2.9247956233398185
769,1,1,3.9929166718999576
770,1,0,1.7504916810029085
771,1,1,4.110675611921774
772,1,0,1.540443277565028
773,1,1,4.196376924532608
774,1,0,1.8174723917268711
775,1,1,3.2043362259794077
776,1,0,1.9707067244330696
777,1,1,3.9412284530349
778,1,0,1.1837883489660084
779,1,1,4.066432922692739
780,1,0,2.74467798103724
781,1,1,4.360651874137856
782,1,0,2.305963596365579
783,1,1,3.4292516372084783
784,1,0,2.2384491844611114
785,1,1,4.1742247906900385
786,1,0,2.2645226191672156
787,1,1,4.311314310854413
788,1,0,1.3201096372480932
789,1,1,4.079299594221016
790,1,0,1.6210645697874169
791,1,1,4.074957952857589
792,1,0,1.5512995365490847
793,1,1,4.756235183570498
794,1,0,1.570513805777829
795,1,1,3.650528921767232
796,1,0,2.0372932032717768
797,1,1,3.561450465298002
798,1,0,1.7876683487835672
799,1,1,3.685017701231019
800,1,0,2.7055860319448057
801,1,1,4.492901913415586
802,1,0,1.9712652407673026
803,1,1,3.9043914739129915
804,1,0,2.4704588072875566
805,1,1,4.302602040161443
806,1,0,2.2490262023414282
807,1,1,4.086903881327874
808,1,0,1.155884986114284
809,1,1,4.0437670087202235
810,1,0,1.733755040395466
811,1,1,4.422527636729938
812,1,0,2.5059212164970948
813,1,1,3.7710244776194153
814,1,0,2.234192617138526
815,1,1,4.967939498842856
816,1,0,1.6661436397147205
817,1,1,4.940960870036569
818,1,0,1.5737070764146766
819,1,1,4.111479877803975
820,1,0,1.9944271940790794
821,1,1,4.105749449935031
822,1,0,1.5811609790460275
823,1,1,3.8044084481177847
824,1,0,1.6661398568203003
825,1,1,4.263481297702229
826,1,0,2.165017557255156
827,1,1,5.212972165869129
828,1,0,2.6854945031455606
829,1,1,3.84507837893076
830,1,0,2.162434807898093
831,1,1,4.59855899039588
832,1,0,2.015300912169259
833,1,1,4.065179210776532
834,1,0,2.0257874713849446
835,1,1,4.533638314404214
836,1,0,1.5758397385973837
837,1,1,3.9371652655899125
838,1,0,2.235216572423241
839,1,1,4.2557235357770775
840,1,0,2.1197913799281958
841,1,1,3.915099416848098
842,1,0,2.4862678945712684
843,1,1,5.166934123602268
844,1,0,2.2032077468381033
845,1,1,4.00341164922508
846,1,0,2.377870144447271
847,1,1,3.8304336816235045
848,1,0,1.6251548276485517
849,1,1,4.116404373806856
850,1,0,0.7086016835150277
851,1,1,3.5230248181739947
852,1,0,1.826019072039577
853,1,1,3.423305570926143
854,1,0,1.4836784490539352
855,1,1,3.881625831270996
856,1,0,1.1785173532346955
857,1,1,3.8969641018700836
858,1,0,1.7323649177335778
859,1,1,4.112702604192507
860,1,0,2.5770920152470094
861,1,1,4.186252208246432
862,1,0,2.010531010671032
863,1,1,4.1497272285153555
864,1,0,2.113696387560564
865,1,1,3.5916306756951153
866,1,0,1.942612337614601
867,1,1,4.254375620918307
868,1,0,1.3146200087284696
869,1,1,4.532826461407926
870,1,0,2.540688017229095
871,1,1,3.7843120057753055
872,1,0,1.8793311042734477
873,1,1,3.6609048285949632
874,1,0,2.3496902417939087
875,1,1,3.569388856277045
876,1,0,1.8887614948785398
877,1,1,3.6705400460961637
878,1,0,2.0254771385056447
879,1,1,3.202885364255139
880,1,0,2.6632308211828466
881,1,1,3.6176967878968678
882,1,0,2.029947341558138
883,1,1,3.993738477614845
884,1,0,1.618942744038751
885,1,1,3.656109931682032
886,1,0,2.4681992717762298
887,1,1,3.8371797034490296
888,1,0,2.1355850923186557
889,1,1,3.699251557302812
890,1,0,1.6764092840761196
891,1,1,4.336123575043924
892,1,0,2.4652042480555583
893,1,1,4.01234179883649
894,1,0,1.2890400641797815
895,1,1,5.098978039875002
896,1,0,1.5717253458828953
897,1,1,3.329206300164106
898,1,0,3.297212293884076
899,1,1,3.897983853074531
900,1,0,1.2691336558692958
901,1,1,3.7582801166056585
902,1,0,2.1837724480111347
903,1,1,4.19515577879697
904,1,0,1.574135401373205
905,1,1,5.0113618000639795
906,1,0,1.7392101610033135
907,1,1,3.5076567047942238
908,1,0,2.48034669923033
909,1,1,4.76453142326984
910,1,0,1.5912534511918868
911,1,1,3.3993263534803444
912,1,0,2.5152191337078023
913,1,1,3.0763381934710186
914,1,0,1.3866891703016924
915,1,1,4.583723075025117
916,1,0,1.9723237259888051
917,1,1,3.968031325703656
918,1,0,2.176408303247189
919,1,1,4.023612788227295
920,1,0,1.3506566389184549
921,1,1,4.7380376730030935
922,1,0,2.6625070264434076
923,1,1,4.2026662818889795
924,1,0,2.022567007716005
925,1,1,5.269812403010029
926,1,0,1.8617835774920815
927,1,1,3.97021150908298
928,1,0,2.1822406246202526
929,1,1,4.835660978071169
930,1,0,2.796385377208742
931,1,1,3.970713684161614
932,1,0,2.1541656229796726
933,1,1,3.410958266467961
934,1,0,1.8440119460418936
935,1,1,3.6798548022603463
936,1,0,1.496584123850508
937,1,1,4.940788358133664
938,1,0,1.6038566690969276
939,1,1,3.834197045994272
940,1,0,2.1829243939584293
941,1,1,4.748912633486793
942,1,0,2.2405575631944177
943,1,1,5.479677557010791
944,1,0,1.9626660108744252
945,1,1,4.2293582201148725
946,1,0,2.137800336992028
947,1,1,4.817524693394577
948,1,0,2.2536194755548076
949,1,1,4.041885149806425
950,1,0,1.5262557025465602
951,1,1,4.222221727980816
952,1,0,2.70067241564598
953,1,1,3.8948091031710645
954,1,0,2.264471809208291
955,1,1,4.223073894342422
956,1,0,2.4317598291906575
957,1,1,3.697623129681065
958,1,0,3.173323515263281
959,1,1,3.4604194464858704
960,1,0,1.8172244550069814
961,1,1,4.569046270452822
962,1,0,2.1483665862470565
963,1,1,4.5149930795405515
964,1,0,1.7519488330087187
965,1,1,4.062597508659829
966,1,0,2.0061159918194087
967,1,1,4.8846298072679515
968,1,0,2.3452145121915247
969,1,1,4.498336054182335
970,1,0,1.6710369537316023
971,1,1,4.584441319281525
972,1,0,2.1127908317844017
973,1,1,4.794572657838963
974,1,0,3.007030077459234
975,1,1,3.9466171119864972
976,1,0,1.7968484347774687
977,1,1,3.6679775044488148
978,1,0,1.9282102441418396
979,1,1,3.908987275524808
980,1,0,2.179752199785505
981,1,1,4.027716591533132
982,1,0,1.8192003596091901
983,1,1,4.632292568063925
984,1,0,1.5310598844242742
985,1,1,4.316553976575672
986,1,0,1.7970291364057582
987,1,1,4.462184252434982
988,1,0,2.692630773361115
989,1,1,3.948450873287963
990,1,0,2.220516453636576
991,1,1,4.189396432866589
992,1,0,1.6002888002284517
993,1,1,4.220393754870969
994,1,0,2.144560252639406
995,1,1,4.306435410223087
996,1,0,1.900800551589977
997,1,1,4.147096150155073
998,1,0,1.4261945275784322
999,1,1,3.9209429622600713
